PS,NPS,PS %,SPC %,NPS %,PS concentration,SPC concentration,NPS concentration
PG,IPM,0,0,100,0,0,1
PG,IPM,8.562,4.5865,86.8515,0.08562,0.045865,0.868515
PG,IPM,15.3361,8.6528,76.0111,0.153361,0.086528,0.760111
PG,IPM,20.8458,12.1,67.0542,0.208458,0.121,0.670542
PG,IPM,25.8532,14.9553,59.1915,0.258532,0.149553,0.591915
PG,IPM,30.6624,17.3033,52.0343,0.306624,0.173033,0.520343
PG,IPM,35.4569,19.3662,45.177,0.354569,0.193662,0.45177
PG,IPM,38.5157,20.8232,40.6611,0.385157,0.208232,0.406611
PG,IPM,40.0706,21.0789,38.8505,0.400706,0.210789,0.388505
PG,IPM,45.0197,22.0617,32.9185,0.450197,0.220617,0.329185
PG,IPM,55.5086,23.7477,20.7437,0.555086,0.237477,0.207437
PG,IPM,64.694,21.7033,13.6026,0.64694,0.217033,0.136026
PG,IPM,72.024,17.9881,9.9879,0.72024,0.179881,0.099879
PG,IPM,79.1324,13.9613,6.9063,0.791324,0.139613,0.069063
PG,IPM,85.6167,9.5145,4.8688,0.856167,0.095145,0.048688
PG,IPM,92.4585,4.9141,2.6274,0.924585,0.049141,0.026274
PG,IPM,100,0,0,1,0,0
PG,EC,100,0,0,1,0,0
PG,EC,84.4071,4.5752,11.0177,0.844071,0.045752,0.110177
PG,EC,75.551,8.4647,15.9843,0.75551,0.084647,0.159843
PG,EC,67.3448,11.9535,20.7018,0.673448,0.119535,0.207018
PG,EC,60.8149,15.0495,24.1356,0.608149,0.150495,0.241356
PG,EC,49.9007,16.5574,33.5419,0.499007,0.165574,0.335419
PG,EC,42.3707,17.3377,40.2916,0.423707,0.173377,0.402916
PG,EC,27.9663,14.4722,57.5615,0.279663,0.144722,0.575615
PG,EC,20.8083,11.9271,67.2645,0.208083,0.119271,0.672645
PG,EC,14.4466,8.5903,76.9631,0.144466,0.085903,0.769631
PG,EC,8.4863,4.6106,86.9031,0.084863,0.046106,0.869031
PG,EC,0,0,100,0,0,1
PG,GTC,0,0,100,0,0,1
PG,GTC,10.265,8.9713,80.7637,0.10265,0.089713,0.807637
PG,GTC,18.3064,16.4518,65.2418,0.183064,0.164518,0.652418
PG,GTC,28.3449,21.5623,50.0929,0.283449,0.215623,0.500929
PG,GTC,36.7527,23.8296,39.4176,0.367527,0.238296,0.394176
PG,GTC,67.3103,16.8234,15.8664,0.673103,0.168234,0.158664
PG,GTC,84.1771,9.4564,6.3666,0.841771,0.094564,0.063666
PG,GTC,100,0,0,1,0,0
PG,GTO,16.677,45.5067,37.8163,0.16677,0.455067,0.378163
PG,GTO,14.8176,38.3873,46.795,0.148176,0.383873,0.46795
PG,GTO,11.1734,30.9632,57.8634,0.111734,0.309632,0.578634
PG,GTO,8.6733,22.8351,68.4916,0.086733,0.228351,0.684916
PG,GTO,5.8135,14.2138,79.9727,0.058135,0.142138,0.799727
PG,GTO,3.1652,4.9435,91.8914,0.031652,0.049435,0.918914
PG,GTO,7.0464,14.0278,78.9259,0.070464,0.140278,0.789259
PG,GTO,9.8205,22.5482,67.6312,0.098205,0.225482,0.676312
PG,GTO,13.2986,30.2224,56.479,0.132986,0.302224,0.56479
PG,GTO,16.5383,37.6119,45.8498,0.165383,0.376119,0.458498
PG,GTO,20.7686,43.2721,35.9593,0.207686,0.432721,0.359593
PG,GTO,39.2082,47.8878,12.9041,0.392082,0.478878,0.129041
PG,GTO,50.3586,41.1942,8.4472,0.503586,0.411942,0.084472
PG,GTO,61.8405,33.1723,4.9872,0.618405,0.331723,0.049872
PG,GTO,72.4148,24.2445,3.3407,0.724148,0.242445,0.033407
PG,GTO,83.2502,14.7203,2.0295,0.832502,0.147203,0.020295
PG,GTO,94.036,4.9495,1.0145,0.94036,0.049495,0.010145
PG,GTO,100,0,0,1,0,0
PG,EM,0,0,100,0,0,1
PG,EM,7.0572,4.7326,88.2102,0.070572,0.047326,0.882102
PG,EM,12.6483,8.8176,78.534,0.126483,0.088176,0.78534
PG,EM,17.4911,12.4008,70.1081,0.174911,0.124008,0.701081
PG,EM,22.5709,15.4471,61.982,0.225709,0.154471,0.61982
PG,EM,32.3032,20.2857,47.4111,0.323032,0.202857,0.474111
PG,EM,35.9239,22.3379,41.7382,0.359239,0.223379,0.417382
PG,EM,41.1595,23.5051,35.3354,0.411595,0.235051,0.353354
PG,EM,45.0769,24.2522,30.671,0.450769,0.242522,0.30671
PG,EM,56.5357,24.1365,19.3277,0.565357,0.241365,0.193277
PG,EM,65.3577,21.8149,12.8274,0.653577,0.218149,0.128274
PG,EM,72.3436,18.1481,9.5083,0.723436,0.181481,0.095083
PG,EM,79.41,13.9616,6.6284,0.7941,0.139616,0.066284
PG,EM,85.8259,9.6066,4.5675,0.858259,0.096066,0.045675
PG,EM,92.4458,4.8497,2.7045,0.924458,0.048497,0.027045
PG,EM,100,0,0,1,0,0
PG,ETO,0,0,100,0,0,1
PG,ETO,11.6423,4.5467,83.8111,0.116423,0.045467,0.838111
PG,ETO,16.4091,8.4447,75.1462,0.164091,0.084447,0.751462
PG,ETO,25.2504,11.2108,63.5389,0.252504,0.112108,0.635389
PG,ETO,29.0215,12.392,58.5865,0.290215,0.12392,0.585865
PG,ETO,32.4896,13.4845,54.0258,0.324896,0.134845,0.540258
PG,ETO,44.3409,13.9551,41.704,0.443409,0.139551,0.41704
PG,ETO,54.2223,13.4755,32.3022,0.542223,0.134755,0.323022
PG,ETO,61.7924,10.9517,27.2559,0.617924,0.109517,0.272559
PG,ETO,70.5758,7.9397,21.4845,0.705758,0.079397,0.214845
PG,ETO,80.4663,4.3756,15.1582,0.804663,0.043756,0.151582
PG,ETO,100,0,0,1,0,0
PG,MS,0,0,100,0,0,1
PG,MS,8.6002,4.7221,86.6776,0.086002,0.047221,0.866776
PG,MS,15.1456,8.4472,76.4072,0.151456,0.084472,0.764072
PG,MS,20.4242,10.9743,68.6015,0.204242,0.109743,0.686015
PG,MS,23.62,11.5622,64.8178,0.2362,0.115622,0.648178
PG,MS,30.7012,13.1417,56.1571,0.307012,0.131417,0.561571
PG,MS,34.7033,13.0182,52.2784,0.347033,0.130182,0.522784
PG,MS,39.8678,13.3486,46.7837,0.398678,0.133486,0.467837
PG,MS,46.2559,11.533,42.211,0.462559,0.11533,0.42211
PG,MS,54.6952,9.6617,35.6432,0.546952,0.096617,0.356432
PG,MS,64.2198,7.1126,28.6676,0.642198,0.071126,0.286676
PG,MS,74.5311,4.014,21.4549,0.745311,0.04014,0.214549
PG,MS,100,0,0,1,0,0
PG,GTB,100,0,0,1,0,0
PG,GTB,77.2492,4.1582,18.5926,0.772492,0.041582,0.185926
PG,GTB,66.2531,7.3998,26.3471,0.662531,0.073998,0.263471
PG,GTB,54.4824,9.617,35.9006,0.544824,0.09617,0.359006
PG,GTB,49.7339,10.0542,40.2119,0.497339,0.100542,0.402119
PG,GTB,42.3345,10.5381,47.1274,0.423345,0.105381,0.471274
PG,GTB,36.4375,9.5123,54.0502,0.364375,0.095123,0.540502
PG,GTB,26.8285,8.9893,64.1823,0.268285,0.089893,0.641823
PG,GTB,24.2574,7.5712,68.1713,0.242574,0.075712,0.681713
PG,GTB,17.1658,4.2356,78.5986,0.171658,0.042356,0.785986
PG,GTB,0,0,100,0,0,1
PG,GTB,6.9899,4.7559,88.2541,0.069899,0.047559,0.882541
PG,GTB,10.0274,8.9937,80.9789,0.100274,0.089937,0.809789
PG,GTB,9.2844,18.1449,72.5707,0.092844,0.181449,0.725707
PG,GTB,8.382,22.7904,68.8276,0.08382,0.227904,0.688276
PG,GTB,9.114,31.7561,59.1299,0.09114,0.317561,0.591299
PG,GTB,9.4065,36.2266,54.367,0.094065,0.362266,0.54367
PG,MC,0,0,100,0,0,1
PG,MC,9.143,4.5467,86.3103,0.09143,0.045467,0.863103
PG,MC,18.4557,8.2622,73.2821,0.184557,0.082622,0.732821
PG,MC,25.9889,11.0879,62.9232,0.259889,0.110879,0.629232
PG,MC,36.6657,12.6047,50.7295,0.366657,0.126047,0.507295
PG,MC,45.5762,11.4503,42.9735,0.455762,0.114503,0.429735
PG,MC,52.4343,9.2589,38.3068,0.524343,0.092589,0.383068
PG,MC,62.9659,6.9389,30.0952,0.629659,0.069389,0.300952
PG,MC,71.8225,3.8254,24.3521,0.718225,0.038254,0.243521
PG,MC,100,0,0,1,0,0
PG,EO,0,0,100,0,0,1
PG,EO,7.8019,4.7142,87.4839,0.078019,0.047142,0.874839
PG,EO,14.5682,8.5116,76.9201,0.145682,0.085116,0.769201
PG,EO,22.1872,11.7761,66.0366,0.221872,0.117761,0.660366
PG,EO,25.7003,14.8889,59.4108,0.257003,0.148889,0.594108
PG,EO,31.3152,17.1806,51.5041,0.313152,0.171806,0.515041
PG,EO,35.6939,19.2729,45.0332,0.356939,0.192729,0.450332
PG,EO,41.23,20.5372,38.2328,0.4123,0.205372,0.382328
PG,EO,44.675,22.0781,33.2469,0.44675,0.220781,0.332469
PG,EO,54.6152,23.2127,22.1721,0.546152,0.232127,0.221721
PG,EO,72.7289,18.0075,9.2636,0.727289,0.180075,0.092636
PG,EO,79.1073,14.186,6.7067,0.791073,0.14186,0.067067
PG,EO,92.8063,4.7909,2.4028,0.928063,0.047909,0.024028
PG,EO,100,0,0,1,0,0
PG,EL,100,0,0,1,0,0
PG,EL,91.0471,4.8691,4.0839,0.910471,0.048691,0.040839
PG,EL,84.1296,9.3889,6.4815,0.841296,0.093889,0.064815
PG,EL,77.5918,13.8244,8.5838,0.775918,0.138244,0.085838
PG,EL,70.8681,17.7722,11.3597,0.708681,0.177722,0.113597
PG,EL,63.2976,21.1819,15.5205,0.632976,0.211819,0.155205
PG,EL,55.2579,23.6791,21.063,0.552579,0.236791,0.21063
PG,EL,40.9999,23.6118,35.3883,0.409999,0.236118,0.353883
PG,EL,36.0587,22.4097,41.5317,0.360587,0.224097,0.415317
PG,EL,31.4993,20.6045,47.8962,0.314993,0.206045,0.478962
PG,EL,28.1,18.7778,53.1222,0.281,0.187778,0.531222
PG,EL,26.7883,18.3038,54.9078,0.267883,0.183038,0.549078
PG,EL,22.6178,15.5598,61.8224,0.226178,0.155598,0.618224
PG,EL,18.2565,12.3093,69.4342,0.182565,0.123093,0.694342
PG,EL,13.3843,8.7039,77.9118,0.133843,0.087039,0.779118
PG,EL,0,0,100,0,0,1
PG,ML,0,0,100,0,0,1
PG,ML,5.076,2.3723,92.5517,0.05076,0.023723,0.925517
PG,ML,8.8915,4.5734,86.535,0.088915,0.045734,0.86535
PG,ML,12.8227,8.736,78.4412,0.128227,0.08736,0.784412
PG,ML,16.1913,12.5923,71.2164,0.161913,0.125923,0.712164
PG,ML,20.7858,15.8706,63.3436,0.207858,0.158706,0.633436
PG,ML,24.1961,18.9747,56.8292,0.241961,0.189747,0.568292
PG,ML,30.6003,20.8466,48.5531,0.306003,0.208466,0.485531
PG,ML,34.1752,23.0754,42.7494,0.341752,0.230754,0.427494
PG,ML,35.0498,23.3948,41.5554,0.350498,0.233948,0.415554
PG,ML,39.1454,24.3291,36.5255,0.391454,0.243291,0.365255
PG,ML,46.3371,24.8819,28.7809,0.463371,0.248819,0.287809
PG,ML,56.4339,24.132,19.4342,0.564339,0.24132,0.194342
PG,ML,63.5304,21.0938,15.3758,0.635304,0.210938,0.153758
PG,ML,71.7894,17.9653,10.2454,0.717894,0.179653,0.102454
PG,ML,77.391,13.6591,8.9499,0.77391,0.136591,0.089499
PG,ML,84.1839,9.3652,6.4509,0.841839,0.093652,0.064509
PG,ML,90.7845,4.7987,4.4168,0.907845,0.047987,0.044168
PG,ML,94.445,2.4243,3.1307,0.94445,0.024243,0.031307
PG,ML,100,0,0,1,0,0
PG,IAL,0,0,100,0,0,1
PG,IAL,4.8521,2.3832,92.7647,0.048521,0.023832,0.927647
PG,IAL,8.3726,4.5848,87.0426,0.083726,0.045848,0.870426
PG,IAL,14.7643,8.5202,76.7155,0.147643,0.085202,0.767155
PG,IAL,20.7161,11.909,67.3749,0.207161,0.11909,0.673749
PG,IAL,25.8655,14.8603,59.2742,0.258655,0.148603,0.592742
PG,IAL,30.9923,17.2038,51.8039,0.309923,0.172038,0.518039
PG,IAL,36.143,19.189,44.6679,0.36143,0.19189,0.446679
PG,IAL,39.4644,21.1923,39.3433,0.394644,0.211923,0.393433
PG,IAL,41.0063,22.0769,36.9167,0.410063,0.220769,0.369167
PG,IAL,43.3171,22.6703,34.0126,0.433171,0.226703,0.340126
PG,IAL,56.4781,24.2245,19.2974,0.564781,0.242245,0.192974
PG,IAL,64.7764,21.5878,13.6358,0.647764,0.215878,0.136358
PG,IAL,72.7575,18.2269,9.0156,0.727575,0.182269,0.090156
PG,IAL,79.8303,14.0621,6.1076,0.798303,0.140621,0.061076
PG,IAL,85.9788,9.5638,4.4574,0.859788,0.095638,0.044574
PG,IAL,92.8844,4.8856,2.23,0.928844,0.048856,0.0223
PG,IAL,96.0242,2.4603,1.5155,0.960242,0.024603,0.015155
PG,IAL,100,0,0,1,0,0
PG,IAC,0,0,100,0,0,1
PG,IAC,6.4344,2.3487,91.2168,0.064344,0.023487,0.912168
PG,IAC,10.1016,4.4866,85.4118,0.101016,0.044866,0.854118
PG,IAC,18.0025,12.3119,69.6855,0.180025,0.123119,0.696855
PG,IAC,21.47,15.677,62.853,0.2147,0.15677,0.62853
PG,IAC,26.4597,18.3685,55.1718,0.264597,0.183685,0.551718
PG,IAC,28.4757,18.7045,52.8198,0.284757,0.187045,0.528198
PG,IAC,31.2841,20.5928,48.1231,0.312841,0.205928,0.481231
PG,IAC,36.858,22.0946,41.0473,0.36858,0.220946,0.410473
PG,IAC,42.4303,23.0169,34.5527,0.424303,0.230169,0.345527
PG,IAC,43.9334,23.5081,32.5585,0.439334,0.235081,0.325585
PG,IAC,55.2027,23.6167,21.1806,0.552027,0.236167,0.211806
PG,IAC,63.504,21.1186,15.3775,0.63504,0.211186,0.153775
PG,IAC,70.861,17.7164,11.4226,0.70861,0.177164,0.114226
PG,IAC,78.0186,13.7561,8.2253,0.780186,0.137561,0.082253
PG,IAC,84.4275,9.411,6.1615,0.844275,0.09411,0.061615
PG,IAC,90.8978,4.8191,4.2831,0.908978,0.048191,0.042831
PG,IAC,94.3764,2.4295,3.1941,0.943764,0.024295,0.031941
PG,IAC,100,0,0,1,0,0
EG,EO,16.9904,33.2519,49.7577,0.169904,0.332519,0.497577
EG,EO,15.4713,29.6467,54.882,0.154713,0.296467,0.54882
EG,EO,14.9397,25.5606,59.4997,0.149397,0.255606,0.594997
EG,EO,13.0237,21.7669,65.2095,0.130237,0.217669,0.652095
EG,EO,11.294,17.8527,70.8532,0.11294,0.178527,0.708532
EG,EO,9.5161,13.6415,76.8424,0.095161,0.136415,0.768424
EG,EO,6.7058,9.3322,83.962,0.067058,0.093322,0.83962
EG,EO,3.8438,4.8633,91.2929,0.038438,0.048633,0.912929
EG,EO,0,0,100,0,0,1
EG,EO,14.4099,4.3289,81.2612,0.144099,0.043289,0.812612
EG,EO,25.1541,7.4868,67.3591,0.251541,0.074868,0.673591
EG,EO,34.5139,9.8728,55.6133,0.345139,0.098728,0.556133
EG,EO,42.228,11.627,46.145,0.42228,0.11627,0.46145
EG,EO,48.4855,12.8921,38.6223,0.484855,0.128921,0.386223
EG,EO,54.1836,13.7678,32.0486,0.541836,0.137678,0.320486
EG,EO,58.9748,14.3887,26.6365,0.589748,0.143887,0.266365
EG,EO,64.7897,14.1045,21.1058,0.647897,0.141045,0.211058
EG,EO,82.2495,9.1297,8.6208,0.822495,0.091297,0.086208
EG,EO,91.2719,4.8952,3.8329,0.912719,0.048952,0.038329
EG,EO,100,0,0,1,0,0
EG,EO,92.1583,4.9427,2.899,0.921583,0.049427,0.02899
EG,EO,83.8965,9.3126,6.7909,0.838965,0.093126,0.067909
EG,EO,66.2443,16.4878,17.2678,0.662443,0.164878,0.172678
EG,EO,50.7071,19.7457,29.5472,0.507071,0.197457,0.295472
EG,EO,43.4478,19.8345,36.7177,0.434478,0.198345,0.367177
EG,EO,35.9675,19.2417,44.7908,0.359675,0.192417,0.447908
EG,EO,28.6401,17.8587,53.5012,0.286401,0.178587,0.535012
EG,EO,25.4999,16.9788,57.5213,0.254999,0.169788,0.575213
EG,EO,23.3264,15.4311,61.2424,0.233264,0.154311,0.612424
EG,EO,17.6705,12.4121,69.9174,0.176705,0.124121,0.699174
EG,EO,11.4676,8.8559,79.6765,0.114676,0.088559,0.796765
EG,EO,6.2622,4.741,88.9967,0.062622,0.04741,0.889967
EG,EO,0,0,100,0,0,1
"1,2BD",EO,0,0,100,0,0,1
"1,2BD",EO,13.117,4.5101,82.3729,0.13117,0.045101,0.823729
"1,2BD",EO,19.661,8.0109,72.328,0.19661,0.080109,0.72328
"1,2BD",EO,29.4572,10.6635,59.8793,0.294572,0.106635,0.598793
"1,2BD",EO,32.5665,10.9003,56.5332,0.325665,0.109003,0.565332
"1,2BD",EO,40.4746,11.9938,47.5316,0.404746,0.119938,0.475316
"1,2BD",EO,44.9829,11.3385,43.6787,0.449829,0.113385,0.436787
"1,2BD",EO,55.5526,11.1096,33.3378,0.555526,0.111096,0.333378
"1,2BD",EO,60.0577,10.471,29.4714,0.600577,0.10471,0.294714
"1,2BD",EO,64.4089,10.6976,24.8935,0.644089,0.106976,0.248935
"1,2BD",EO,72.8423,9.4816,17.6761,0.728423,0.094816,0.176761
"1,2BD",EO,75.0936,8.4741,16.4323,0.750936,0.084741,0.164323
"1,2BD",EO,85.6262,4.6907,9.6831,0.856262,0.046907,0.096831
"1,2BD",EO,100,0,0,1,0,0
"1,4BD",EO,0,0,100,0,0,1
"1,4BD",EO,8.5944,4.6032,86.8024,0.085944,0.046032,0.868024
"1,4BD",EO,14.8283,8.5529,76.6188,0.148283,0.085529,0.766188
"1,4BD",EO,21.5381,11.9113,66.5506,0.215381,0.119113,0.665506
"1,4BD",EO,27.1151,14.6533,58.2316,0.271151,0.146533,0.582316
"1,4BD",EO,31.49,17.235,51.275,0.3149,0.17235,0.51275
"1,4BD",EO,35.4514,19.3359,45.2127,0.354514,0.193359,0.452127
"1,4BD",EO,39.2124,21.0585,39.7291,0.392124,0.210585,0.397291
"1,4BD",EO,43.7654,22.4469,33.7877,0.437654,0.224469,0.337877
"1,4BD",EO,54.1869,23.2538,22.5592,0.541869,0.232538,0.225592
"1,4BD",EO,47.4348,25.4742,27.0911,0.474348,0.254742,0.270911
"1,4BD",EO,41.9364,27.9809,30.0827,0.419364,0.279809,0.300827
PC,EO,0,0,100,0,0,1
PC,EO,6.3344,4.8011,88.8645,0.063344,0.048011,0.888645
PC,EO,6.2858,9.445,84.2691,0.062858,0.09445,0.842691
PC,EO,7.0375,14.0147,78.9479,0.070375,0.140147,0.789479
PC,EO,8.9814,18.1077,72.9109,0.089814,0.181077,0.729109
PC,EO,9.941,22.5012,67.5577,0.09941,0.225012,0.675577
PC,EO,9.7531,27.0295,63.2174,0.097531,0.270295,0.632174
PC,EO,9.5451,31.659,58.7959,0.095451,0.31659,0.587959
PC,EO,10.9604,35.6167,53.4229,0.109604,0.356167,0.534229
GC,EO,13.2425,34.6044,52.153,0.132425,0.346044,0.52153
GC,EO,13.3141,30.2165,56.4694,0.133141,0.302165,0.564694
GC,EO,11.542,26.5917,61.8663,0.11542,0.265917,0.618663
GC,EO,9.803,22.6459,67.551,0.09803,0.226459,0.67551
GC,EO,9.5204,18.0697,72.4099,0.095204,0.180697,0.724099
GC,EO,5.9485,14.1171,79.9344,0.059485,0.141171,0.799344
GC,EO,4.799,9.5791,85.6219,0.04799,0.095791,0.856219
GC,EO,2.9064,4.9167,92.1769,0.029064,0.049167,0.921769
GC,EO,0,0,100,0,0,1
GC,EO,100,0,0,1,0,0
GC,EO,89.155,4.7382,6.1068,0.89155,0.047382,0.061068
GC,EO,79.0801,8.8222,12.0977,0.790801,0.088222,0.120977
GC,EO,70.941,12.5775,16.4815,0.70941,0.125775,0.164815
GC,EO,60.95,15.1901,23.8599,0.6095,0.151901,0.238599
GC,EO,66.614,22.0644,11.3216,0.66614,0.220644,0.113216
GC,EO,62.1353,26.6826,11.1821,0.621353,0.266826,0.111821
GC,EO,53.5622,28.8339,17.6039,0.535622,0.288339,0.176039
GC,EO,51.2366,34.128,14.6354,0.512366,0.34128,0.146354
GL,EO,0,0,100,0,0,1
GL,EO,2.14,4.9641,92.8959,0.0214,0.049641,0.928959
GL,EO,3.1791,9.7014,87.1195,0.031791,0.097014,0.871195
GL,EO,4.3688,14.4242,81.207,0.043688,0.144242,0.81207
GL,EO,5.8381,18.8202,75.3417,0.058381,0.188202,0.753417
GL,EO,7.1508,23.2516,69.5976,0.071508,0.232516,0.695976
GL,EO,8.3509,27.5098,64.1393,0.083509,0.275098,0.641393
GL,EO,8.5074,32.0091,59.4834,0.085074,0.320091,0.594834
GL,EO,9.9825,35.928,54.0895,0.099825,0.35928,0.540895
GBL,EO,51.4668,34.3269,14.2063,0.514668,0.343269,0.142063
GBL,EO,55.2672,29.6438,15.0891,0.552672,0.296438,0.150891
GBL,EO,60.1182,25.8059,14.0759,0.601182,0.258059,0.140759
GBL,EO,69.4541,17.3343,13.2116,0.694541,0.173343,0.132116
GBL,EO,75.827,13.3114,10.8616,0.75827,0.133114,0.108616
GBL,EO,81.747,9.1605,9.0926,0.81747,0.091605,0.090926
GBL,EO,90.3639,4.8466,4.7895,0.903639,0.048466,0.047895
GBL,EO,100,0,0,1,0,0
GBL,EO,0,0,100,0,0,1
GBL,EO,16.305,4.1481,79.5469,0.16305,0.041481,0.795469
GBL,EO,16.0997,8.3875,75.5128,0.160997,0.083875,0.755128
GBL,EO,16.8273,12.4881,70.6846,0.168273,0.124881,0.706846
GBL,EO,17.3772,16.5163,66.1065,0.173772,0.165163,0.661065
GBL,EO,17.6562,20.5818,61.7619,0.176562,0.205818,0.617619
GBL,EO,17.6536,24.7093,57.6371,0.176536,0.247093,0.576371
GBL,EO,17.8469,28.7515,53.4016,0.178469,0.287515,0.534016
GBL,EO,16.847,33.3126,49.8404,0.16847,0.333126,0.498404
PA,EO,0,0,100,0,0,1
PA,EO,37.2247,3.1727,59.6026,0.372247,0.031727,0.596026
PA,EO,57.2284,4.2677,38.5038,0.572284,0.042677,0.385038
PA,EO,70.899,4.3629,24.7381,0.70899,0.043629,0.247381
PA,EO,76.4467,4.0186,19.5346,0.764467,0.040186,0.195346
PA,EO,100,0,0,1,0,0
"1,3BD",IPM,0,0,100,0,0,1
"1,3BD",IPM,2.9336,2.3119,94.7545,0.029336,0.023119,0.947545
"1,3BD",IPM,8.3189,4.8975,86.7836,0.083189,0.048975,0.867836
"1,3BD",IPM,11.9402,8.8029,79.2569,0.119402,0.088029,0.792569
"1,3BD",IPM,18.5661,16.6207,64.8132,0.185661,0.166207,0.648132
"1,3BD",IPM,26.4098,21.9673,51.6229,0.264098,0.219673,0.516229
"1,3BD",IPM,34.4405,26.6776,38.8819,0.344405,0.266776,0.388819
"1,3BD",IPM,41.3822,29.5533,29.0645,0.413822,0.295533,0.290645
"1,3BD",IPM,45.1683,30.0822,24.7495,0.451683,0.300822,0.247495
"1,3BD",IPM,56.4575,30.079,13.4634,0.564575,0.30079,0.134634
"1,3BD",IPM,71.1507,23.0144,5.8348,0.711507,0.230144,0.058348
"1,3BD",IPM,82.3773,14.3261,3.2966,0.823773,0.143261,0.032966
"1,3BD",IPM,93.5986,4.4487,1.9527,0.935986,0.044487,0.019527
"1,3BD",IPM,100,0,0,1,0,0
"1,3PD",IPM,0,0,100,0,0,1
"1,3PD",IPM,7.7151,4.801,87.4839,0.077151,0.04801,0.874839
"1,3PD",IPM,26.0547,11.1751,62.7702,0.260547,0.111751,0.627702
"1,3PD",IPM,33.1366,13.318,53.5454,0.331366,0.13318,0.535454
"1,3PD",IPM,38.9592,15.7138,45.327,0.389592,0.157138,0.45327
"1,3PD",IPM,44.2527,17.2195,38.5278,0.442527,0.172195,0.385278
"1,3PD",IPM,49.969,18.1075,31.9235,0.49969,0.181075,0.319235
"1,3PD",IPM,53.7226,18.5403,27.7371,0.537226,0.185403,0.277371
"1,3PD",IPM,61.6321,17.7976,20.5703,0.616321,0.177976,0.205703
"1,3PD",IPM,66.6612,16.4298,16.9091,0.666612,0.164298,0.169091
"1,3PD",IPM,74.7608,13.4038,11.8354,0.747608,0.134038,0.118354
"1,3PD",IPM,83.3519,9.3124,7.3357,0.833519,0.093124,0.073357
"1,3PD",IPM,84.5842,9.45,5.9657,0.845842,0.0945,0.059657
"1,3PD",IPM,75.7202,13.5758,10.704,0.757202,0.135758,0.10704
"1,3PD",IPM,68.4952,16.8818,14.623,0.684952,0.168818,0.14623
"1,3PD",IPM,66.0546,19.0748,14.8706,0.660546,0.190748,0.148706
"1,3PD",IPM,58.299,21.963,19.7379,0.58299,0.21963,0.197379
"1,3PD",IPM,39.5534,26.5461,33.9005,0.395534,0.265461,0.339005
"1,2BD",IPM,0,0,100,0,0,1
"1,2BD",IPM,5.7988,1.0633,93.1379,0.057988,0.010633,0.931379
"1,2BD",IPM,6.6138,2.1183,91.2679,0.066138,0.021183,0.912679
"1,2BD",IPM,13.0973,4.5886,82.3141,0.130973,0.045886,0.823141
"1,2BD",IPM,23.1284,7.8574,69.0142,0.231284,0.078574,0.690142
"1,2BD",IPM,36.4701,9.552,53.9779,0.364701,0.09552,0.539779
"1,2BD",IPM,39.3435,9.815,50.8414,0.393435,0.09815,0.508414
"1,2BD",IPM,50.1337,10.0337,39.8326,0.501337,0.100337,0.398326
"1,2BD",IPM,54.8789,9.7384,35.3827,0.548789,0.097384,0.353827
"1,2BD",IPM,69.9302,7.7743,22.2955,0.699302,0.077743,0.222955
"1,2BD",IPM,81.4946,4.5443,13.9611,0.814946,0.045443,0.139611
"1,2BD",IPM,87.221,1.8332,10.9458,0.87221,0.018332,0.109458
"1,2BD",IPM,100,0,0,1,0,0
"1,4BD",IPM,0,0,100,0,0,1
"1,4BD",IPM,8.2615,4.6646,87.0739,0.082615,0.046646,0.870739
"1,4BD",IPM,14.8979,8.5998,76.5023,0.148979,0.085998,0.765023
"1,4BD",IPM,21.6441,11.7895,66.5663,0.216441,0.117895,0.665663
"1,4BD",IPM,32.595,16.8353,50.5697,0.32595,0.168353,0.505697
"1,4BD",IPM,35.2007,19.4479,45.3514,0.352007,0.194479,0.453514
"1,4BD",IPM,37.6165,21.7946,40.5889,0.376165,0.217946,0.405889
"1,4BD",IPM,45.4037,21.8091,32.7872,0.454037,0.218091,0.327872
"1,4BD",IPM,53.4473,22.7631,23.7896,0.534473,0.227631,0.237896
"1,4BD",IPM,62.2767,20.7989,16.9244,0.622767,0.207989,0.169244
"1,4BD",IPM,69.5168,17.3825,13.1007,0.695168,0.173825,0.131007
"1,4BD",IPM,76.5083,13.5244,9.9673,0.765083,0.135244,0.099673
"1,4BD",IPM,77.1067,13.6302,9.2631,0.771067,0.136302,0.092631
"1,4BD",IPM,69.9682,17.4953,12.5365,0.699682,0.174953,0.125365
"1,4BD",IPM,63.8448,21.3226,14.8326,0.638448,0.213226,0.148326
"1,4BD",IPM,56.009,23.8542,20.1368,0.56009,0.238542,0.201368
"1,4BD",IPM,50.7018,27.3551,21.9432,0.507018,0.273551,0.219432
"1,4BD",IPM,45.9998,30.3543,23.6458,0.459998,0.303543,0.236458
"1,3PD",EO,0,0,100,0,0,1
"1,3PD",EO,10.4192,4.5326,85.0482,0.104192,0.045326,0.850482
"1,3PD",EO,19.1008,8.0976,72.8016,0.191008,0.080976,0.728016
"1,3PD",EO,27.7055,10.8545,61.44,0.277055,0.108545,0.6144
"1,3PD",EO,32.5318,13.5307,53.9375,0.325318,0.135307,0.539375
"1,3PD",EO,38.1667,15.5401,46.2932,0.381667,0.155401,0.462932
"1,3PD",EO,43.38,17.0213,39.5987,0.4338,0.170213,0.395987
"1,3PD",EO,48.271,18.1438,33.5852,0.48271,0.181438,0.335852
"1,3PD",EO,51.4646,19.4471,29.0884,0.514646,0.194471,0.290884
"1,3PD",EO,58.9637,17.3498,23.6865,0.589637,0.173498,0.236865
"1,3PD",EO,68.5649,17.1359,14.2992,0.685649,0.171359,0.142992
"1,3PD",EO,77.06,13.6399,9.3001,0.7706,0.136399,0.093001
"1,3PD",EO,77.761,13.7639,8.475,0.77761,0.137639,0.08475
"1,3PD",EO,69.8734,17.4629,12.6638,0.698734,0.174629,0.126638
"1,3PD",EO,64.3477,18.934,16.7183,0.643477,0.18934,0.167183
"1,3PD",EO,53.325,22.8948,23.7802,0.53325,0.228948,0.237802
"1,3PD",EO,44.7665,24.24,30.9935,0.447665,0.2424,0.309935
"1,3PD",EO,37.7286,25.1367,37.1348,0.377286,0.251367,0.371348
"1,3BD",EO,0,0,100,0,0,1
"1,3BD",EO,5.6408,4.7085,89.6506,0.056408,0.047085,0.896506
"1,3BD",EO,10.1096,8.9459,80.9445,0.101096,0.089459,0.809445
"1,3BD",EO,13.8202,12.9351,73.2447,0.138202,0.129351,0.732447
"1,3BD",EO,17.9518,16.3394,65.7088,0.179518,0.163394,0.657088
"1,3BD",EO,22.1803,19.4608,58.3589,0.221803,0.194608,0.583589
"1,3BD",EO,26.1382,22.1504,51.7114,0.261382,0.221504,0.517114
"1,3BD",EO,29.3027,24.7585,45.9388,0.293027,0.247585,0.459388
"1,3BD",EO,33.0227,26.6698,40.3075,0.330227,0.266698,0.403075
"1,3BD",EO,44.5653,29.8117,25.6229,0.445653,0.298117,0.256229
"1,3BD",EO,55.0207,29.6217,15.3577,0.550207,0.296217,0.153577
"1,3BD",EO,63.675,27.2415,9.0835,0.63675,0.272415,0.090835
"1,3BD",EO,70.4053,23.5153,6.0794,0.704053,0.235153,0.060794
"1,3BD",EO,76.3674,19.0978,4.5348,0.763674,0.190978,0.045348
"1,3BD",EO,81.8558,14.4884,3.6558,0.818558,0.144884,0.036558
"1,3BD",EO,88.267,9.8167,1.9163,0.88267,0.098167,0.019163
"1,3BD",EO,93.1799,4.9703,1.8498,0.931799,0.049703,0.018498
"1,3BD",EO,100,0,0,1,0,0
